Tool Name,Reference URL,Generative AI Ecosystem Layer,Content Type,Primary Enterprise Category,Complimentary Enterprise Category,Free Version Option,Paid Version Option,Licensing Type,Tool Description
Vertex AI,https://cloud.google.com/vertex-ai,Cloud Services,Code,Development - Code Writing,,Free Trial,Subscription-based,Proprietary,"Vertex AI is an end-to-end machine learning platform that simplifies building, deploying, and scaling ML models. It offers AutoML for code-free model training, AI Platform Pipelines for automation, and MLOps features for production management"
PalM2,https://ai.google/discover/palm2/,Foundation Models,Text,General Purpose,Development - Technical Documentation,,,Proprietary,"PaLM 2 is Google's advanced AI language model that represents a significant step forward in the company's efforts to create sophisticated, text-based task-oriented AI systems. It is the successor to PaLM 1, which was announced in April 2022, and has been designed to be much better at a range of text-based tasks, including reasoning, coding, and translation.The model is part of a family of products that come in different sizes, named Gecko, Otter, Bison, and Unicorn, from smallest to largest. These versions are tailored for deployment in various consumer and enterprise settings. PaLM 2 has been fine-tuned on domain-specific data to enhance its performance in particular areas.Google has not released exhaustive details about the training data used for PaLM 2, but it has indicated that the model's training corpus includes a diverse set of sources such as web documents, books, code, mathematics, and conversational data.PaLM 2's capabilities have been integrated into Google Bard, the company's AI chatbot, and are also being used to power features like ""Help me Write"" in Gmail. While Google has not made Med-PaLM 2 publicly available, it plans to grant access to a small group of trusted testers initially.Software developers can now access PaLM 2 programmatically via APIs, which opens the possibility for other companies to utilize Google's large language model in their own products and services, similar to how Duolingo and Khan Academy have adopted GPT-4 for AI-powered features.Overall, PaLM 2 is a testament to Google's ongoing investment in AI research and development, aiming to provide more intelligent and versatile AI tools for a wide range of applications."
Codey,https://cloud.google.com/vertex-ai/docs/generative-ai/code/code-models-overview,Cloud Services,Code,Development - Code Writing,Development - Technical Documentation,,,Proprietary,"The Vertex AI Codey APIs are powered by the PaLM 2 model and allow you to generate, complete, and discuss code using generative AI. These APIs cover code generation, code completion, and code chat for various programming languages. While still in development, they promise to automate tasks, expedite coding, and aid in debugging."
Imagen,https://imagen.research.google/,Cloud Services,Image,Design - Visuals Generation,Design - Wireframing and Prototyping,,,Proprietary,"Imagen on Vertex AI is a generative AI service that uses the LaMDA language model to create high-quality images from text prompts. It can generate a wide range of images, from realistic to creative, based on user input. Imagen is versatile and can generate images of various subjects, sizes, and styles, making it a valuable tool for visual content creation."
Chirp,https://cloud.google.com/speech-to-text/v2/docs/chirp-model,Cloud Services,Text,Marketing - Speech Generation,People - Employee Engagement,,,Proprietary,"Chirp is Google's advanced speech-to-text model trained on audio data and text sentences. It accurately transcribes speech in various languages and accents and is available through the Speech-to-Text API v2. Chirp's improved accuracy, multilingual capabilities, and efficiency make it a powerful tool for applications like call centers, voice assistants, transcription services, and more."
Vertex AI Workbench,https://cloud.google.com/vertex-ai-workbench,Applications,Code,Development - Code Writing,Development - Technical Documentation,,,Proprietary,"Vertex AI Workbench is a managed JupyterLab environment designed for seamless machine learning model development, training, and deployment on Google Cloud Platform. Built on Google Kubernetes Engine (GKE), it offers scalability, reliability, and integration with other Google Cloud services. Vertex AI Workbench empowers data scientists and ML engineers to work efficiently throughout the machine learning lifecycle."
AI Infrastructure,https://cloud.google.com/ai-infrastructure,Infrastructure,,,,,,Proprietary,"AI Infrastructure encompasses both hardware and software components essential for building, testing, training, and deploying AI-powered applications. It includes CPUs, GPUs, TPUs, machine learning frameworks, libraries, tools, and cloud platforms. While complex and evolving, AI Infrastructure empowers businesses to accelerate AI app development, enhance model performance, and reduce costs."
AutoML,https://cloud.google.com/automl,Cloud Services,Text,Development - Code Writing,Development - Technical Documentation,,,Proprietary,"Google Cloud AutoML is a suite of machine learning services designed to simplify the process of building and deploying high-quality machine learning models, even for developers with limited expertise. It automates data preparation, feature engineering, model training, and evaluation for various tasks such as image and text classification. With scalability, accuracy, and security, Google Cloud AutoML empowers developers to create models faster and more efficiently."
Natural Language AI,https://cloud.google.com/natural-language,Cloud Services,Text,Marketing - Content Generation,Development - Code Writing,,,Proprietary,"Google Cloud Natural Language offers a suite of APIs designed to understand the meaning of text. With capabilities for extracting information, identifying entities, and gauging sentiment, this tool is valuable for text analysis, translation, and question answering. It empowers developers to create applications that interact with human language accurately, securely, and with ease, regardless of their natural language processing expertise."
Speech-To-Text,https://cloud.google.com/speech-to-text,Cloud Services,Text,Marketing - Content Generation,,,,Proprietary,"Google Cloud Speech-to-Text is a cloud-based service designed to convert speech to text accurately. It supports transcribing audio files, live audio streams, and video files, offering capabilities for multiple languages. This powerful tool is ideal for creating transcripts for meetings, lectures, adding captions to videos, and more. With accuracy, scalability, security, and ease of use, Google Cloud Speech-to-Text is a valuable asset for speech recognition tasks."
Text-To-Speech,https://cloud.google.com/text-to-speech,Cloud Services,Voice,Marketing - Speech Generation,,Free Trial,Subscription-based,Proprietary,"Google Cloud Text-to-Speech is a cloud-based service that converts text to natural-sounding speech in over 100 languages. It is accurate, scalable, secure, and easy to use, making it an ideal choice for creating natural-sounding speech for various applications, including audiobooks, podcasts, chatbots, virtual assistants, and video captions."
Translation AI,https://cloud.google.com/translate,Cloud Services,Text,General Purpose,,Free Trial,Subscription-based,Proprietary,"Google Cloud Translate is a cloud-based service that translates text from one language to another. It is accurate, scalable, secure, and easy to use, making it a good choice for translating content into multiple languages."
Video AI,https://cloud.google.com/video-intelligence,Cloud Services,Video,Operations - Data Reports,General Purpose,Free Trial,Subscription-based,Proprietary,"Google Cloud Video Intelligence is a cloud-based service that analyzes videos and extracts meaningful insights. It can detect objects, faces, text, transcribe audio, and identify events in videos. This tool is suitable for various use cases, including content moderation, video search, and video analytics. It is accurate, scalable, secure, and user-friendly, making it an excellent choice for video analysis and insight extraction."
Vision AI,https://cloud.google.com/vision,Cloud Services,Image,Operations - Data Reports,General Purpose,Free Trial,Subscription-based,Proprietary,"Google Cloud Vision is a cloud-based service that analyzes images and extracts meaningful insights. It can detect objects, faces, text, landmarks, barcodes, and more in images. This tool is suitable for various use cases, including content moderation, image search, and image analytics. It is accurate, scalable, secure, and user-friendly, making it an excellent choice for image analysis and insight extraction."
Dialogflow,https://cloud.google.com/dialogflow,Applications,Text,People - Employee Engagement,Marketing - Customer Insights,Free Trial,Subscription-based,Proprietary,"Google Cloud Dialogflow is a natural language processing (NLP) platform that helps you build conversational interfaces for your applications. It can be used to create chatbots, virtual assistants, and other applications that can understand and respond to natural language. Dialogflow is suitable for various use cases, including customer service, sales and marketing, and internal support. It is easy to use, scalable, secure, and customizable, making it a valuable choice for building natural and engaging conversational interfaces."
Amazon SageMaker,https://aws.amazon.com/sagemaker/,Applications,Code,General Purpose,,,Multiple,Proprietary,"Amazon SageMaker is a fully managed machine learning service that facilitates the quick and easy building, training, and deployment of machine learning models. It offers a range of features, including Jupyter notebooks and IDEs for data preparation and model development, various algorithms and pre-trained models, a managed training environment that scales automatically, and a managed inference environment that can be deployed to different endpoints. SageMaker is used across various industries, including retail, finance, healthcare, manufacturing, and media and entertainment. It is known for its ease of use, scalability, cost-effectiveness, and security. Amazon SageMaker offers flexible pricing options, is available in all AWS regions, and integrates seamlessly with other AWS services."
Amazon Rekognition,https://aws.amazon.com/rekognition/,Applications,Image,General Purpose,,,Multiple,Proprietary,"Amazon Rekognition is a cloud-based service that utilizes machine learning to identify objects, faces, text, scenes, and inappropriate content in images and videos. It is also capable of tracking people's movements. Amazon Rekognition is utilized across various industries, including retail, security, media and entertainment, healthcare, and manufacturing. It offers ease of use, accuracy, scalability for processing large amounts of data, and security for data protection. This computer vision service is available in all AWS regions and integrates seamlessly with other AWS services. Amazon Rekognition finds applications in content moderation, brand protection, customer engagement, security and safety, retail analytics, and manufacturing quality control."
Amazon Polly,https://aws.amazon.com/polly/,Applications,Video,People - Employee Engagement,Operations - Customer Support,,,Proprietary,"Amazon Polly is a cloud service that transforms text into lifelike speech using deep learning technologies to synthesize natural-sounding human speech. It offers dozens of lifelike voices across various languages and is suitable for building speech-activated applications. Amazon Polly is used across industries such as e-learning platforms, newsreaders, games, accessibility applications for visually impaired people, and the Internet of Things. It is known for its ease of use, accuracy, scalability for generating large amounts of speech, and cost-effectiveness where you pay only for the speech you generate. The service supports multiple languages, voices, speaking styles, and output formats. It can be integrated with other AWS services, including Amazon S3, Amazon Lex, and Amazon Transcribe. Amazon Polly is available in all AWS regions and is a valuable choice for businesses aiming to incorporate speech into their products and services."
Amazon Comprehend,https://aws.amazon.com/blogs/machine-learning/category/artificial-intelligence/amazon-comprehend/,Applications,Text,General Purpose,,,,Proprietary,"Amazon Comprehend is a natural language processing (NLP) service that utilizes machine learning to extract insights from text. It can identify entities, extract key phrases and concepts, detect sentiment, and understand the language of a document. Amazon Comprehend finds applications in various industries, including financial services, healthcare, retail, media and entertainment, and government. It offers ease of use, accuracy, scalability for processing large amounts of data, and security for data protection. The service supports entity extraction, key phrase extraction, sentiment analysis, language detection, and custom classification through training custom models. Amazon Comprehend is available in all AWS regions and can be seamlessly integrated with other AWS services such as Amazon S3, Amazon SageMaker, and Amazon Lex. It is a valuable choice for businesses of all sizes seeking to gain deeper insights from their textual data."
Amazon Kendra,https://aws.amazon.com/blogs/machine-learning/category/artificial-intelligence/amazon-kendra/,Applications,Text,General Purpose,,,,Proprietary,"Amazon Kendra is an intelligent search service powered by machine learning (ML). It simplifies the process of finding information from scattered content sources using natural language search. Amazon Kendra uses ML to understand the meaning of content and indexes it, enabling users to search for information seamlessly. It is used across industries such as financial services, healthcare, retail, media and entertainment, and government. Amazon Kendra offers ease of use, accuracy, scalability for indexing large volumes of content, and data security. Key features include natural language search, automatic indexing, customization options, and integration with other AWS services like Amazon S3, Amazon SageMaker, and Amazon Lex. The service is available in all AWS regions and is a valuable choice for businesses looking to enhance their search capabilities."
Amazon Lex,https://aws.amazon.com/blogs/machine-learning/category/artificial-intelligence/amazon-lex/,Applications,Voice,General Purpose,,,,Proprietary,"Amazon Lex is a versatile service for building conversational interfaces in applications using both voice and text. It empowers the creation of chatbots, virtual assistants, and interactive voice response (IVR) systems. Leveraging machine learning, Amazon Lex comprehends user intent in voice and text inputs and engages in natural and engaging conversations. Businesses across various sectors, including financial services, healthcare, retail, media and entertainment, and government, benefit from Amazon Lex's ease of use, scalability for handling a large user base, data security, and customization capabilities. Key features encompass automatic speech recognition, natural language understanding, dialog management, text-to-speech conversion, customization options, and seamless integration with other AWS services like Amazon S3, Amazon DynamoDB, and Amazon Cognito. Amazon Lex is available in all AWS regions and serves as a valuable choice for creating conversational interfaces."
Amazon Textract,https://aws.amazon.com/blogs/machine-learning/category/artificial-intelligence/amazon-textract/,Data and Integration Services,Text,General Purpose,,,,Proprietary,"Amazon Textract is a fully managed machine learning service designed to automatically extract text, handwriting, and data from scanned documents. It is a versatile tool used across various industries, including financial services, healthcare, retail, media and entertainment, and government, to extract valuable information from documents such as invoices, contracts, receipts, and images. Amazon Textract offers several benefits, including ease of use, accuracy in handling complex documents, scalability for processing large document volumes, and robust data security. Key features encompass text extraction, data extraction from tables and forms, optical character recognition (OCR) for converting image text to machine-readable text, customization options, and seamless integration with other AWS services like Amazon S3, Amazon SageMaker, and Amazon Lex. Amazon Textract is available in all AWS regions and serves as an excellent choice for businesses of all sizes seeking to automate document understanding processes."
Amazon Bedrock,https://aws.amazon.com/bedrock/,Cloud Services,Text,General Purpose,,Free Trial,Subscription-based,Proprietary,"Amazon Bedrock is a fully managed service that makes foundation models (FMs) from Amazon and leading AI startups available through an API. FMs are large language models that have been trained on massive datasets of text and code. They can be used to generate text, translate languages, write different kinds of creative content, and answer your questions in an informative way. Amazon Bedrock makes it easy to get started with FMs, without having to worry about the underlying infrastructure or maintenance. You can simply create an API call to the service and get results in milliseconds. Amazon Bedrock is a good choice for businesses of all sizes that want to use FMs to build applications or improve their existing applications. Here are some of the benefits of using Amazon Bedrock: It is easy to use, even for beginners. It is scalable, so you can use it to process large amounts of data. It is secure, so your data is protected. It is cost-effective, so you only pay for the resources you use. Here are some of the features of Amazon Bedrock: Access to a variety of FMs from Amazon and leading AI startups. Easy-to-use API. Scalable and secure infrastructure. Cost-effective pricing."
Amazon EC2 Trn1,https://aws.amazon.com/ec2/instance-types/trn1/,Infrastructure,,Development - Technical Documentation,Development - Code Writing,,Subscription-based,Proprietary,"Amazon EC2 Trn1 instances are powered by AWS Trainium accelerators, which are purpose-built for deep learning training of 100B+ parameter models. They offer up to 3.4 petaFLOPS of TF32/FP16/BF16 compute power and feature an ultra-high-speed NeuronLink interconnect between chips. Trn1 instances are available in two sizes: Trn1 with 16 AWS Trainium chips, 128 vCPUs, and 512 GB of high-bandwidth memory, and Trn1n with 32 AWS Trainium chips, 256 vCPUs, and 1024 GB of high-bandwidth memory. Trn1 instances are designed for training large language models (LLMs), computer vision (CV) models, and recommender models, and they are also well-suited for other deep learning workloads that require high performance and low latency. Benefits of using Amazon EC2 Trn1 include high performance, low latency, and cost-effectiveness."
Amazon EC2 Inf2,https://aws.amazon.com/ec2/instance-types/inf2/,Infrastructure,,Development - Technical Documentation,Development - Code Writing,,Subscription-based,Proprietary,"Amazon EC2 Inf2 instances are powered by AWS Inferentia accelerators, purpose-built for the inference of generative AI models, including large language models (LLMs) and vision transformers. They offer up to 3x higher inference performance than comparable CPU-based instances and are cost-effective. Inf2 instances are available in two sizes: Inf2 with 4 AWS Inferentia chips, 16 vCPUs, and 80 GB of high-bandwidth memory, and Inf2n with 8 AWS Inferentia chips, 32 vCPUs, and 160 GB of high-bandwidth memory. They are designed for inference of LLMs, vision transformers, and other generative AI models, as well as other inference workloads requiring high performance and low latency. Benefits of using Amazon EC2 Inf2 include high performance, cost-effectiveness, and scalability. Additionally, Inf2 instances are powered by AWS Inferentia XRT, available in all AWS regions, and integrated with Amazon SageMaker for easy deployment and management of generative AI models on Inf2 instances."
Amazon CodeWhisperer,https://aws.amazon.com/codewhisperer/,Applications,Text,Development - Code Writing,,Free,Token-based,Proprietary,"Amazon CodeWhisperer is a machine learning-powered service that helps developers write better code by providing code completions, documentation, and recommendations as you write code. It supports Java, JavaScript, Python, and TypeScript and is integrated with popular IDEs like IntelliJ IDEA, PyCharm, and Visual Studio Code. Benefits include faster and more accurate coding, learning new languages and frameworks, bug detection and fixing, and staying updated with coding practices. Features include code completion, documentation, recommendations, and IDE integration. CodeWhisperer is available in all AWS regions and offers 10,000 free suggestions, with pricing at $0.001 per suggestion after that."
Azure AI Services,https://azure.microsoft.com/en-us/products/ai-services/?activetab=pivot:azureopenaiservicetab,Cloud Services,,General Purpose,,Freemium,Subscription-based,Proprietary,"Azure AI Services is a collection of cloud-based AI services that help you build, deploy, and scale AI solutions. These services include Azure Cognitive Services, Azure Machine Learning, Azure Bot Service, Azure Speech Services, and Azure Text Analytics. Azure AI Services can be used to build chatbots, virtual assistants, image recognition systems, natural language processing applications, and machine learning models. They are scalable, reliable, easy to use, and cost-effective. If you are looking for a cloud-based AI platform, then Azure AI Services is a good choice."
Azure AI Document Intelligence,https://azure.microsoft.com/en-us/products/ai-services/ai-document-intelligence,Cloud Services,Text,Development - Technical Documentation,General Purpose,Freemium,Subscription-based,Proprietary,"Azure AI Document Intelligence is a cloud-based service that uses machine learning to extract insights from documents. It can extract text, tables, key phrases, and other information from documents in various formats, including PDFs, Word documents, and images. The tool can also identify entities and classify documents into categories. Azure AI Document Intelligence is suitable for automating document processing tasks, enhancing document searchability, and improving data extraction accuracy. It is accurate, scalable, secure, and easy to use. It is a valuable choice for businesses of all sizes looking to streamline document-related processes."
Azure Machine Learning,https://azure.microsoft.com/en-us/products/machine-learning/,Cloud Services,Text,Development - Code Writing,Development - Technical Documentation,Freemium,Subscription-based,Proprietary,"Azure Machine Learning is a cloud-based service that helps you build, train, and deploy machine learning models. It is designed to be user-friendly, making it accessible even for beginners. You can use Azure Machine Learning to create various types of machine learning models, including classification, regression, clustering, and recommendation models. It offers scalability, reliability, and cost-effectiveness, backed by Microsoft's commitment to security and reliability. Azure Machine Learning provides managed machine learning services, AutoML, a model registry, and model deployment capabilities. It is a comprehensive platform for building, training, and deploying machine learning models at scale."
Azure Cognitive Search,https://azure.microsoft.com/en-us/products/ai-services/cognitive-search,Cloud Services,Text,Operations - Data Reports,Marketing - Content Generation,Free Trial,Subscription-based,Proprietary,"Azure Cognitive Search is a cloud-based search service that uses AI to help you find the information you need quickly and easily. It can be used to search a variety of data sources, including documents, images, and videos. Azure Cognitive Search can also be used to build custom search experiences that are tailored to your specific needs. It is scalable, reliable, easy to use, and cost-effective."
Azure AI Bot Service,https://azure.microsoft.com/en-us/products/ai-services/ai-bot-service,Applications,Text,Marketing - Content Generation,Marketing - Customer Insights,Free Trial,Subscription-based,Proprietary,"Azure Bot Service is a cloud-based service that helps you build and deploy chatbots. It provides a variety of tools and resources to help you get started with chatbot development, even if you don't have a lot of experience. Azure Bot Service can be used to build a wide variety of chatbots, including customer service chatbots, sales chatbots, and marketing chatbots. It is scalable, reliable, easy to use, and cost-effective. If you are looking for a cloud-based chatbot platform, then Azure Bot Service is a good choice."
Azure Databricks,https://azure.microsoft.com/en-us/products/databricks/,Foundation Models,Text,Development - Code Writing,,Free Trial,Subscription-based,Proprietary,"Azure Databricks is a cloud-based unified analytics platform that combines the power of Apache Spark with the ease of use of a managed service. It provides a single platform for data engineering, data science, and machine learning. Azure Databricks can be used for various data pipeline tasks, including data ingestion, data transformation, data analysis, and machine learning model development and deployment. It is scalable, reliable, easy to use, and cost-effective. If you are looking for a cloud-based unified analytics platform, then Azure Databricks is a good choice."
Azure Kinect DK,https://azure.microsoft.com/en-us/products/kinect-dk/,Applications,3D,Development - Code Writing,,,,Proprietary,"Azure Kinect DK is a developer kit that enables developers to build and deploy applications that use computer vision, speech, and natural language processing. It includes a depth sensor, a color camera, an infrared camera, and a microphone array, making it suitable for various applications such as human pose estimation, object tracking, facial recognition, speech recognition, and natural language processing. Azure Kinect DK is easy to use, scalable, and affordable, making it a valuable choice for developers interested in building applications that interact with the physical world naturally. It provides an SDK, pre-built samples, and tutorials for easy development."
Azure OpenAI Service,https://azure.microsoft.com/en-us/products/ai-services/openai-service,Cloud Services,Text,Marketing - Content Generation,Development - Code Writing,,,Proprietary,"Azure OpenAI Service is a cloud-based service that provides access to OpenAI's generative pre-trained transformer (GPT-3) language models. GPT-3 is a powerful language model that can generate text, translate languages, create creative content, and answer questions in an informative way. It can be used to build chatbots, generate content, perform translations, and answer questions effectively. Azure OpenAI Service is scalable, secure, easy to use, and cost-effective, making it a valuable choice for developers and businesses. It provides access to GPT-3, a REST API, SDKs for multiple programming languages, and comprehensive documentation."
Krisp,,Applications,Voice,General Purpose,,,,Proprietary,"Krisp is an AI-powered software tool designed to improve the quality of digital voice communication by providing advanced noise cancellation capabilities. It helps users to be more effective communicators by eliminating unwanted background noise, echoes, and other audio disturbances during online meetings and calls. This makes it particularly useful for individuals and businesses operating in a remote or hybrid work environment.The key features of Krisp include:- Noise Cancellation: Krisp uses artificial intelligence and deep neural networks to differentiate between human speech and background noise, allowing it to suppress the latter while keeping the former clear and audible.- Voice Cancellation: It can also cancel out the user's own voice from being heard on the other end, which can be useful in various scenarios, such as when someone else needs to speak without interruption.- Echo Cancellation: Krisp reduces or eliminates echo that can occur in audio calls, which is especially important in environments with poor acoustics or when using suboptimal audio equipment.Krisp is primarily available as a desktop application that can be installed on a computer and configured to work with a wide range of communication platforms, including Zoom, Skype, Microsoft Teams, and others. Once installed, it operates in the background, processing both audio input and output in real-time.Founded in 2017, Krisp Technologies, Inc. has been at the forefront of voice productivity software, offering features like audio cleansing, noise cancellation, accent localization, and call transcription and summarization. The company emphasizes privacy, ensuring that all processing is done on-device, which means that audio data is not transmitted to the cloud, addressing potential privacy concerns.Krisp is available for free with certain limitations, and there are also paid plans for users who require more advanced features or usage. The company provides an SDK for developers, allowing them to integrate Krisp's technology into their own applications.For additional information, support, or to download the app, users can visit Krisp's official website. The company also maintains a blog and is active on social media platforms such as Facebook, LinkedIn, YouTube, and Twitter. Users can request a demo to see how Krisp works and explore its benefits for their communication needs."
Quillbot,,Applications,Text,General Purpose,,,,Proprietary,"QuillBot AI is an advanced artificial intelligence-powered writing and language enhancement tool that utilizes natural language processing (NLP) techniques and deep learning algorithms to assist users in a variety of writing tasks. It is designed to help users write with precision and clarity, making it a valuable resource for students, writers, professionals, and anyone looking to improve their written communication.The core features of QuillBot include:1. **Paraphrasing Tool**: QuillBot's paraphrasing tool is its flagship feature, allowing users to rewrite sentences, paragraphs, or articles while maintaining the original meaning. This is particularly useful for avoiding plagiarism and finding new ways to express ideas.2. **Grammar Checker**: The grammar checking feature helps users correct grammatical errors, ensuring their writing is polished and professional.3. **Summarizer**: QuillBot can condense articles, papers, or documents into a concise summary, saving time and highlighting key points.4. **Citation Generator**: This feature aids in creating citations in various formats, making it easier for users to give proper credit to original sources in their academic and professional writing.5. **Co-Writer**: The Co-Writer tool assists with the writing process by providing suggestions and improvements to the text.6. **Translation**: QuillBot offers translation capabilities to help users understand and communicate in different languages.QuillBot is accessible through a user-friendly interface and offers both free and premium versions, catering to the needs of a wide range of users. The premium version provides additional features and enhancements for those who require more advanced writing assistance.To use QuillBot, one simply needs to visit the website, select the desired tool from the menu, and input their text for processing. Whether it's for paraphrasing, grammar checking, summarizing, or generating citations, QuillBot aims to streamline the writing process and help users achieve their language-related goals with ease."
Synesthesia,,Applications,Video,Marketing - Visual Generatio ,,,,Proprietary,"It seems there is some confusion in the provided information. Synesthesia, as a neurological condition, is distinct from Synthesia, which appears to be a company mentioned in the text. Synesthesia, the condition, is characterized by the blending of senses, where a stimulus in one sensory modality involuntarily elicits a sensation in another modality, such as seeing colors when hearing music.On the other hand, Synthesia, as referenced in the text, is an artificial intelligence startup that has developed software for creating computer-generated avatars. This company has raised significant investment and is used by a large number of Fortune 100 companies. The technology developed by Synthesia likely involves AI-driven tools that can be used in various applications, possibly including the creation of digital media, virtual assistants, or other interactive technologies.The text also seems to suggest that AI tools will be developed to help understand and analyze synesthesia, the neurological condition. While AI can assist in research by analyzing data and patterns, the subjective experience of synesthesia remains something that requires human interpretation and understanding. AI can complement but not replace the nuanced insights provided by human experts in the field."
Jenni,,Applications,Text,Marketing - Content Generation,,,,Proprietary,"Jenni AI is an advanced paraphrasing tool designed to assist individuals in refining their academic writing. It provides users with the ability to rephrase complex sentences or paragraphs, ensuring that the text is clear, coherent, and maintains originality. The tool is particularly useful for students who aim to enhance their essays, assignments, or papers.To use Jenni AI, one must first sign up for a free account. After logging in, users can input the text they wish to paraphrase and select their preferences for the paraphrasing process. Jenni AI offers a range of expressions and ways to articulate thoughts, which helps in enriching academic texts and broadening the user's linguistic capabilities.The mission of Jenni AI is centered around academic integrity. The tool is designed to improve writing skills rather than replace the writer's own efforts. It does not generate entire essays and does not support cheating or plagiarism. Instead, Jenni AI serves as a legitimate writing assistant, providing guidance and support to ensure that essays are written with proper citations and are free from plagiarism.Jenni AI also emphasizes the prevention of plagiarism by helping users rephrase their thoughts while preserving the original meaning. The tool is not about taking shortcuts; it's about offering a helping hand to express ideas more effectively.In addition to academic writing, Jenni AI is also a valuable tool for technical writing, offering assistance in creating clear and concise technical documents. It features a user-friendly interface that makes it accessible for a wide range of users, including bloggers, marketers, entrepreneurs, and students.For those interested in learning more about Jenni AI, including its pros and cons, the company's blog provides in-depth reviews and insights. While some features of Jenni AI may be free, detailed pricing information for additional services can be found on the website. Users can start writing with Jenni AI by signing up and exploring its capabilities to boost productivity and creativity in content creation."
LlamaIndex,,Cloud Services,Text,General Purpose,,,,Open Source,"LlamaIndex is a versatile platform designed to facilitate the creation of applications that leverage Large Language Models (LLMs), such as GPT-4. It serves as an intermediary that allows developers to integrate their custom data with these advanced AI models. The tool is particularly useful for projects that involve Retrieval Augmented Generation (RAG), where the AI model retrieves information from a dataset to generate responses or content.The core functionalities of LlamaIndex include:1. Data Ingestion: LlamaIndex can ingest data from various sources, including APIs, databases, and documents like PDFs. This process involves importing the data into the system so that it can be used by the LLM.2. Data Structuring: Once ingested, LlamaIndex helps in structuring the data in a way that makes it accessible and understandable for the LLM to process and utilize effectively.3. Data Retrieval: The platform allows for efficient retrieval of data, which is crucial for applications that require the LLM to pull specific information from a dataset to inform its responses.4. Integration: LlamaIndex provides the means to integrate the structured and retrievable data with LLMs, enabling the creation of sophisticated applications such as Q&A systems, interactive chatbots, and intelligent agents.In essence, LlamaIndex acts as a bridge between custom datasets and LLMs, enhancing the capabilities of these models by making external data readily available to them. This enables developers to build context-aware applications that can leverage the full potential of LLMs in various domains."
Octane,,Applications,Text,Marketing - Customer Insights,,,,Proprietary,"It seems there is some confusion in the provided information. ""Octane Render"" and ""Octane AI"" are being mentioned, and they are distinct entities.1. **Octane Render** is a rendering software developed by OTOY. It is a real-time, physically correct 3D rendering engine that leverages the graphics card in your computer to render photo-realistic images super fast. With its advanced computing capabilities, Octane Render is used by artists and visual effects creators to produce lifelike images and animations.2. **Octane AI**, on the other hand, is a separate product that is not related to rendering software. Octane AI is a marketing automation platform that focuses on personalization through quizzes and zero-party data collection. It is designed to help e-commerce businesses, particularly Shopify stores, to engage with their customers more effectively. The platform allows store owners to create quizzes that recommend products, collect opt-ins, and use the data gathered to personalize marketing messages.From the context of the information you've provided, it seems that the discussion is about the impact of AI and technology on artists and their livelihoods, possibly in relation to the use of AI in creating art, which could be a concern for artists who use traditional methods or software like Octane Render. However, the mention of Octane AI seems to be about a marketing tool that uses quizzes and data collection to improve e-commerce strategies."
Quickchat AI,,Applications,Text,Operations - Customer Support,,,,Proprietary,"Quickchat AI appears to be a versatile artificial intelligence tool designed to integrate with a company's messaging applications, such as Slack and Microsoft Teams, to provide various services. It is aimed at enhancing the efficiency and effectiveness of business operations in several key areas. Here's a description of the tool based on the provided information:**Product Overview:**Quickchat AI is an AI-powered assistant that can be integrated into a company's internal communication platforms. It is designed to streamline various business processes by providing instant access to information and automating tasks through a chat interface.**Use Cases:**- **Customer Support:** Quickchat AI can elevate a customer support team by answering questions, providing insights, and transferring conversations to human agents when necessary.- **Sales/eCommerce:** The tool can assist with sales by engaging with customers, offering support, and optimizing the sales process.- **Field Expert:** It can share industry expertise directly with end-users, presumably by tapping into a knowledge base of industry-specific information.- **Employee Assistant:** Employees can access company information through a chat interface, making internal communication more efficient.- **Research:** Quickchat AI can conduct interviews or gather data following specific instructions, aiding in research efforts.**Features:**- **Insight Reports:** The AI generates reports to help improve the company's Knowledge Base, ensuring that it stays up-to-date with customer and employee inquiries.- **Multilingual Support:** The assistant supports over 100 languages, making it suitable for international companies.- **Custom Translations:** This feature allows the AI to correctly refer to brand-specific terminology.- **Integration with CRM:** Quickchat AI can integrate with customer relationship management systems to centralize lead information.**Customization:**Businesses can customize the tone of voice and conversation flow of the AI to match their brand's communication style.**Accessibility:**The tool is accessible through popular company messaging apps, allowing for seamless integration into existing workflows.**Privacy and Compliance:**Quickchat AI provides a privacy policy, terms of service, and a GDPR statement, indicating compliance with data protection regulations.**Company Trust:**The tool is trusted by over a thousand companies, both large and small, suggesting a broad market acceptance.**Getting Started:**Companies can start building with Quickchat AI for free, which may include a trial period or a basic version of the service.**Support and Resources:**Quickchat AI offers API documentation and customer support to assist with implementation and troubleshooting.In summary, Quickchat AI is positioned as a comprehensive AI solution for businesses looking to leverage artificial intelligence for customer support, sales, research, and internal communication, with a strong emphasis on multilingual support and integration capabilities."
Quizgecko,,Applications,Text,Education - Exam Question Generator,,,,Proprietary,"Quizgecko is a cutting-edge exam generator AI tool designed to assist educators, trainers, content creators, and anyone interested in improving the learning experience. It utilizes artificial intelligence to transform text input�whether through copy-pasting, URLs, or file uploads�into interactive and engaging quizzes or tests. This innovative tool is particularly adept at creating multiple choice questions, but it also supports other question formats such as true/false, short answer, and fill-in-the-blank.The platform is built on the latest discoveries in learning science, ensuring that the questions it generates not only assess learners' knowledge but also reinforce learning effectively. Quizgecko's quizzes are designed to be more than just a means of memorization; they actively engage learners, promoting better retention and understanding of the material.Quizgecko is versatile and adaptable, suitable for a wide range of subjects and learning environments, from schools to corporate training sessions. It offers an easy-to-use interface that saves time and effort in quiz creation while delivering high-quality content that resonates with the audience.By leveraging the power of AI, Quizgecko streamlines the content creation process for quizzes, tests, and assessments, making it an invaluable tool for anyone looking to enhance their e-learning content. Users can start with Quizgecko for free, experiencing firsthand how it can improve their educational content and workflow."
Quotify AI,,Applications,Text,Marketing - Content Generation,,,,Proprietary,"Quotify AI is an AI-powered tool that uses artificial intelligence to identify the most relevant quotes from any text-based PDF. It is designed to be a powerful quote-finding tool, which can be particularly useful for researchers, students, writers, or anyone who needs to extract significant quotations from lengthy documents quickly and efficiently. By leveraging AI, Quotify can save users time and effort by automating the process of sifting through extensive texts to find quotes that are pertinent to their work or study."
Perplexity.ai,,Applications,Text,General Purpose,,,,Proprietary,"Perplexity.ai is an AI-powered tool designed to enhance information discovery and satisfy curiosity across a wide range of topics. It's not just a platform for answering questions; it's a versatile tool that aims to empower users to do more, whether that involves summarizing content, exploring new topics, or engaging in creative endeavors.Here are some examples of what Perplexity.ai can do:1. **Recipe Suggestions**: If you're looking for a quick recipe, Perplexity.ai can provide you with suggestions based on the ingredients you have or the type of cuisine you're interested in.2. **Information Discovery**: Through a partnership with Brilliant Labs, Perplexity.ai has integrated its AI into AI-enhanced glasses, allowing users to receive real-time answers about anything they see.3. **Reliability and Speed**: Perplexity.ai prides itself on its stability and speed, utilizing models like GPT-3 to deliver fast and accurate responses, often outpacing competitors. It also cites the provision of sources for its responses, adding a layer of transparency.4. **User Experience**: Perplexity.ai is designed to understand users through follow-up questions, summarize relevant findings, and pull information from a diverse range of sources, offering a comprehensive search experience.5. **Developer Integration**: The platform has made moves to integrate with developer tools like Vercel, allowing developers to incorporate Perplexity�s large language models into their applications as a knowledge support system.6. **Functionality**: Perplexity.ai is accessible through browser-based applications and mobile apps on iOS and Android, making it widely available for users on different devices.Perplexity.ai positions itself as a tool that cuts through the noise of information overload, providing precise, user-focused answers in a time-efficient manner, without the influence of advertising-driven models. It aims to be a reliable and efficient choice for those who value quick and accurate information retrieval."
Google Gemini,,Foundation Models,Image,General Purpose,,,,Proprietary,"Google Gemini, as described in the information you provided, appears to be an AI tool developed by Google, which was formerly known as Bard. It is an interface that allows users to communicate with a language model, also named Gemini, or Gemini Ultra for those using the advanced service. This tool is integrated with Google's ecosystem, including services like Gmail and Google Docs, and it has the capability to access a vast array of information from the internet, Google's knowledge graph, and its training data.Gemini is designed to be a versatile tool that can be particularly useful for users who are deeply embedded in Google's services or for those who need assistance with coding, potentially competing with Microsoft's Co-Pilot. The AI is capable of summarizing information and providing balanced overviews, which suggests it has a nuanced approach to generating responses based on the data it can access.The privacy aspect of using Gemini is highlighted, with Google collecting certain types of information from conversations to improve their products, services, and machine learning technologies. However, Google also emphasizes that they take privacy seriously and do not sell personal information. They use automated tools to help remove user-identifying information from the data they collect.A new privacy warning indicates that users should avoid entering sensitive information into Gemini interactions, as these chats are retained on Google servers for a period of three years. This warning suggests that there is a possibility of human reviewers seeing the data or Google using it to enhance their offerings, which could be a concern for some users regarding their privacy.Overall, Google Gemini is presented as a powerful AI tool with strong search capabilities and integration with Google's services, but with privacy considerations that users need to be aware of."
Suno,,Applications,Music and Sound,Marketing - Content Generation,,,,Proprietary,"Suno appears to be an AI music startup that has developed a tool designed to simplify the process of creating music, likening it to the ease of taking a photo with a smartphone. The technology and software that underpin the service provided by Suno are proprietary, belonging to Suno and its affiliates and licensors. Users of Suno's service are bound by terms that restrict them from copying, modifying, reverse engineering, or transferring any rights in the software without authorization.Suno owns the output generated from submissions made by users of its free tier, but grants these users a license to use the output for lawful, internal, and non-commercial purposes, as long as they provide attribution credit to Suno. The service is subject to United States export controls, and it is the user's responsibility to comply with the laws of their jurisdiction when using Suno's software.The Suno name and logos are trademarks, and while other trademarks may appear in connection with the service, their presence does not imply endorsement by or affiliation with Suno.Suno reserves the right to modify or discontinue its service at any time, and it is not liable for any such changes that may affect users. The company also sets general practices regarding the use and storage of data within the service.Microsoft has integrated Suno into its Copilot offering, enhancing the AI chatbot's capabilities, particularly in the realm of music creation. This integration was announced as part of the celebration of the platform's first anniversary. Users should be aware that while they can use Suno to create music in the style of a particular artist, the service has safeguards to prevent the direct copying of existing songs."
MusicGen,,Foundation Models,Music and Sound,Marketing - Content Generation,,,,Open Source,"MusicGen is an AI-powered music generation model developed by Meta, which can create music based on text prompts. It was released in June 2023 and is designed to help researchers explore the field of AI music generation. MusicGen operates by taking textual descriptions of the desired music and generating 12-second audio samples that match the given prompts.The model was trained with Meta-owned and specifically licensed music, and it is capable of producing music with a variety of characteristics as specified by the user's input. Meta has also released an improved version of their EnCodec decoder alongside MusicGen, which enhances the quality of the generated music and reduces artifacts.MusicGen is not intended for commercial use or ""downstream uses,"" such as uploading and distributing AI-generated music on streaming platforms. Instead, it is aimed at fostering innovation and research in AI-generated audio. Meta has also provided ethical guidelines for using MusicGen, advising against creating music that could be considered offensive or that propagates stereotypes.Users can try out MusicGen through a web app demo that does not require any sign-up or specialized hardware, as it runs directly in a web browser. The process of generating music with MusicGen is straightforward and user-friendly, making it accessible for individuals who want to experiment with AI-generated music for fun or research purposes."